Pregunta,Respuesta A,Respuesta B,Respuesta C,Respuesta D,Opcion correcta
¿Qué norma establece la ordenación y el currículo de la educación infantil en Galicia?,"Decreto 150/2022, de 8 de septiembre","Decreto 330/2009, de 4 de junio","Real decreto 95/2020, de 1 de febrero","Ley 4/2011, de 30 de junio",A
¿Cuál es el objeto principal del Decreto 150/2022?,Regular únicamente la evaluación de primaria,Establecer la ordenación y el currículo de educación infantil en Galicia,Regular exclusivamente las escuelas infantiles de primer ciclo,Fijar el calendario de todas las etapas educativas,B
¿A qué centros se aplica el Decreto 150/2022?,A todos los centros de España sin excepción,Solo a centros privados,A centros del ámbito de gestión de Galicia que impartan educación infantil,Solo a centros que impartan primaria,C
¿A qué centros se aplican los títulos II y III del decreto?,A los que impartan el segundo ciclo de educación infantil,Solo a los que impartan el primer ciclo,A todos los centros universitarios,Solo a centros de educación especial,A
¿Desde qué edad atiende la etapa de educación infantil?,Desde los dos años,Desde el nacimiento,Desde los tres años,Desde los seis meses,B
¿Hasta qué edad atiende la educación infantil?,Hasta los cuatro años,Hasta los cinco años,Hasta los seis años,Hasta los ocho años,C
¿Cómo se organiza la educación infantil?,En tres ciclos anuales,En dos ciclos,En etapas trimestrales,En un único ciclo,B
¿Qué edades comprende el primer ciclo de educación infantil?,De tres a seis años,De seis a nueve años,Hasta los tres años,De cuatro a seis años,C
¿Qué edades comprende el segundo ciclo de educación infantil?,De tres a seis años,Del nacimiento a los dos años,De dos a cuatro años,De seis a ocho años,A
¿Cuál es el carácter de la educación infantil?,Obligatorio y gratuito en ambos ciclos,Voluntario,Obligatorio desde los tres años,Voluntario solo en el segundo ciclo,B
¿Qué ciclo de educación infantil es gratuito según el decreto?,El primer ciclo,Ambos ciclos necesariamente,El segundo ciclo,Ninguno,C
¿Qué se prevé respecto a la gratuidad del primer ciclo?,Su supresión progresiva,"Su extensión progresiva, con oferta pública suficiente",Que sea gratuito solo en centros privados,Que dependa exclusivamente de cada familia,B
¿A qué alumnado se prioriza al extender la gratuidad del primer ciclo?,Alumnado con mejores resultados,Alumnado en riesgo de pobreza y exclusión social y donde haya baja escolarización,Solo alumnado de zonas urbanas,Solo alumnado de seis años,B
"¿Qué principio debe guiar las medidas organizativas, metodológicas y curriculares?",La selección del alumnado,El diseño universal para el aprendizaje,La homogeneización absoluta,La evaluación exclusivamente escrita,B
¿Cuál es la finalidad de la educación infantil?,Preparar exclusivamente para exámenes,Contribuir al desarrollo integral y armónico del alumnado,Adelantar todos los contenidos de primaria,Garantizar la alfabetización completa antes de los seis años,B
¿Qué dimensiones del desarrollo menciona el artículo 4?,Solo física y cognitiva,"Física, emocional, sexual, afectiva, social, cognitiva y artística",Solo lingüística y matemática,Únicamente social y artística,B
¿Qué debe potenciar la educación infantil en relación con la persona?,La competencia entre compañeros,La autonomía personal y una imagen positiva y equilibrada de sí misma,La memorización de normas sin explicación,La especialización académica temprana,B
¿Qué integra el currículo de educación infantil según el artículo 6?,Solo contenidos y libros de texto,"Objetivos, competencias, contenidos, métodos pedagógicos y criterios de evaluación",Solo objetivos y calificaciones,Actividades extraescolares y calendario,B
¿Qué son los objetivos de etapa?,Los contenidos diarios de cada unidad,Logros esperados al finalizar la etapa vinculados a las competencias clave,Las notas mínimas para promocionar,Las tareas exclusivas del profesorado,B
¿Qué son las competencias clave?,Desempeños imprescindibles para progresar en el itinerario formativo y afrontar retos,Una lista cerrada de asignaturas,Instrumentos de calificación numérica,Contenidos propios de una única área,A
¿Con qué se corresponden los objetivos de área?,Con las competencias específicas del Real decreto 95/2022,Con los objetivos de bachillerato,Con los criterios de admisión,Con las normas de convivencia del centro,A
¿Qué función cumplen los criterios de evaluación?,Sustituir los objetivos de etapa,Indicar los niveles de desempeño esperados y servir de referente para evaluar,Determinar el calendario escolar,Establecer la ratio de alumnado,B
¿Qué son los contenidos curriculares?,Únicamente datos que memorizar,"Conocimientos, destrezas y actitudes propios de un área",Solo actividades de juego libre,Normas administrativas del centro,B
¿Para qué sirven las orientaciones pedagógicas?,Para orientar el diseño y planificación de estrategias y acciones docentes,Para fijar las vacaciones escolares,Para asignar plazas docentes,Para establecer la edad de escolarización obligatoria,A
¿Cuál de estos es un objetivo general de la etapa?,Evitar la exploración del entorno,Conocer el propio cuerpo y el de otras personas y respetar las diferencias,Aprender una lengua extranjera con nivel avanzado,Realizar exámenes escritos semanales,B
¿Qué entorno se propone observar y explorar?,Únicamente el entorno digital,"El familiar, natural y social",Solo el escolar,Exclusivamente el urbano,B
¿Qué habilidad personal se pretende adquirir progresivamente?,Dependencia permanente del adulto,Autonomía en las actividades habituales,Competencia profesional,Especialización deportiva,B
¿Qué tipo de resolución de conflictos se fomenta?,La imposición por la fuerza,"La resolución pacífica, evitando cualquier tipo de violencia",La exclusión del alumnado implicado,La competición como única solución,B
¿Qué se pretende desarrollar en comunicación?,Solo la escritura convencional,Habilidades comunicativas en diferentes lenguajes y formas de expresión,Únicamente la expresión oral formal,Solo el lenguaje matemático,B
¿En qué habilidades se inicia al alumnado de forma progresiva?,"Lógico-matemáticas, lectura, escritura, movimiento, gesto y ritmo",Solo cálculo escrito,Solo lectura comprensiva avanzada,Programación informática obligatoria,A
¿Qué igualdad se busca promover mediante normas sociales?,Igualdad solo entre alumnado de la misma edad,Igualdad entre mujeres y hombres,Igualdad de resultados académicos exactos,Igualdad lingüística mediante una sola lengua,B
¿Qué singularidades se propone conocer y valorar?,Solo las económicas de Galicia,"Las culturales, lingüísticas, físicas y sociales de Galicia",Únicamente las geográficas,Solo las históricas de otros países,B
¿Cuántas competencias clave enumera el decreto?,Seis,Siete,Ocho,Diez,C
¿Qué sigla corresponde a la competencia en comunicación lingüística?,CP,CCL,CD,CCEC,B
¿Qué sigla corresponde a la competencia plurilingüe?,CP,CE,CC,STEM,A
¿Qué competencia representa STEM?,Competencia digital,"Competencia matemática y en ciencia, tecnología e ingeniería",Competencia ciudadana,Conciencia y expresión culturales,B
¿Qué sigla identifica la competencia digital?,CD,CC,CP,CPSAA,A
¿Qué competencia representa CPSAA?,"Competencia personal, social y de aprender a aprender",Competencia plurilingüe,Competencia emprendedora,Competencia en comunicación lingüística,A
¿Qué sigla corresponde a la competencia ciudadana?,CE,CC,CD,CCL,B
¿Qué sigla corresponde a la competencia emprendedora?,CCEC,CE,CP,STEM,B
¿Qué competencia corresponde a CCEC?,Competencia ciudadana,Conciencia y expresión culturales,Competencia digital,Competencia matemática,B
¿Existe jerarquía entre las competencias clave?,"Sí, la digital es superior","Sí, la lingüística es siempre prioritaria","No, todas se consideran igualmente importantes","Sí, solo cuentan las tres primeras",C
¿Las competencias clave se corresponden directa y exclusivamente con una única área?,"Sí, cada competencia pertenece a una sola área","No, tienen carácter transversal y se desarrollan desde distintas áreas",Solo las competencias artísticas,Solo en el primer ciclo,B
¿Cuáles son las tres áreas de educación infantil?,"Lengua, Matemáticas y Ciencias",Comunicación y Representación de la Realidad; Crecimiento en Armonía; Descubrimiento y Exploración del Entorno,"Juego, Lectura y Escritura","Desarrollo personal, Inglés y Tecnología",B
¿Qué elementos incluye la estructura curricular de cada área en el anexo II?,Solo objetivos y exámenes,"Introducción, objetivos, criterios de evaluación y contenidos por ciclos, y orientaciones pedagógicas",Solo competencias clave,Únicamente una lista de actividades,B
¿Los bloques de criterios y contenidos establecen una secuencia cerrada?,"Sí, obligatoriamente","No, permiten organizar los elementos de distintas formas",Solo en el segundo ciclo,Solo para centros privados,B
¿Cómo se entiende el horario en educación infantil?,Como una lista fija de asignaturas,"Como distribución temporal de actividades, dado que todos los momentos de la jornada son educativos",Como tiempo dedicado solo a tareas lectivas,Como una decisión exclusiva de las familias,B
¿Cómo debe organizarse el horario escolar?,"Con un enfoque globalizador y alternando tipos y ritmos de actividad, juego y descanso",Solo mediante sesiones iguales,Sin períodos de descanso,Con prioridad absoluta para fichas escritas,A
¿Cuántas horas semanales como mínimo deben desarrollarse las actividades escolares del segundo ciclo?,20 horas,22 horas,25 horas,30 horas,C
¿Qué autonomía tienen los centros docentes?,Solo económica,"Pedagógica, organizativa y de gestión, dentro de la normativa",Ninguna autonomía curricular,Únicamente para elegir libros,B
¿Qué debe adaptar el centro al desarrollar y completar el currículo?,Solo el calendario de vacaciones,Las características personales del alumnado y su realidad socioeducativa,Los criterios de admisión estatales,La edad de inicio de la etapa,B
¿Qué documento recoge la propuesta pedagógica del centro?,El historial académico,El proyecto educativo,El acta de evaluación,El informe por traslado,B
¿Quién establece la concreción curricular del segundo ciclo?,El claustro de profesorado,Cada familia individualmente,La inspección educativa en exclusiva,El ayuntamiento,A
¿Cuál de estos elementos debe incluir la concreción curricular?,La adecuación de los objetivos de etapa al contexto del centro,El salario de cada docente,El listado de todas las familias,La programación de cada hogar,A
¿Qué debe incluir la concreción curricular sobre metodología?,Criterios generales de carácter metodológico,Una metodología idéntica e invariable para cada alumno,Solo pruebas escritas,Ninguna referencia metodológica,A
¿Cómo se desarrollará el currículo del segundo ciclo en las áreas?,Mediante programaciones didácticas para cada área,Mediante un único examen final,Exclusivamente mediante actividades extraescolares,Solo a través del plan digital,A
¿Qué deben incluir las programaciones didácticas sobre unidades?,Una relación de unidades didácticas con secuenciación y temporalización,"Solo sus títulos, sin orden ni tiempo",Únicamente unidades optativas,Solo actividades del primer trimestre,A
¿Qué deben incluir las programaciones en el apartado de evaluación?,Procedimiento de evaluación inicial y criterios de valoración del desarrollo y aprendizajes,Solo una nota numérica final,Únicamente asistencia,Solo pruebas externas,A
¿Quién realiza el seguimiento de las programaciones didácticas?,El equipo docente,Las familias en exclusiva,El alumnado sin apoyo docente,La biblioteca escolar,A
¿En qué ambiente debe desarrollarse la práctica educativa?,En un ambiente de afecto y confianza,En un ambiente de competencia constante,En un ambiente sin interacción,En un entorno centrado en sanciones,A
¿En qué se basa la práctica educativa según el artículo 15?,"En experiencias significativas y emocionalmente positivas, experimentación y juego",En repetición mecánica exclusivamente,En exámenes diarios,En fichas como método único,A
¿Cómo deben entenderse las áreas entre sí?,Como compartimentos totalmente aislados,Como ámbitos de experiencia intrínsecamente relacionados,Como materias sin conexión,Como áreas optativas,B
¿Qué transición debe garantizarse desde el primer contacto?,La transición directa a primaria,Una transición positiva del entorno familiar al escolar,La transición a educación secundaria,Ninguna transición planificada,B
¿Es exigible dominar la lectura y escritura antes de afrontar primaria?,"Sí, ambas deben dominarse plenamente","No, puede favorecerse una primera aproximación sin que sea exigible para acceder a primaria",Solo la escritura,Solo en el primer ciclo,B
¿Qué aproximación debe fomentar la consellería en el segundo ciclo?,A la lengua extranjera,A una tercera lengua obligatoria avanzada,A contenidos universitarios,A la formación profesional,A
¿Qué deben eliminar los materiales educativos con especial atención?,Los contenidos artísticos,Los contenidos sexistas y estereotipos discriminatorios,Los juegos cooperativos,Las referencias a la diversidad,B
¿Qué hábitos y ámbitos deben atenderse progresivamente en ambos ciclos?,"Desarrollo afectivo, gestión emocional, movimiento, control corporal, comunicación y convivencia",Solo cálculo y escritura,Únicamente la disciplina,Solo conocimiento digital,A
¿Qué educación se incluirá respecto al consumo?,Educación para el consumo responsable y sostenible,Educación para el consumo ilimitado,Solo educación financiera avanzada,Ninguna educación relacionada con el consumo,A
¿Qué diversidad debe incluirse en el conocimiento del alumnado?,Solo diversidad geográfica,La diversidad familiar existente,Solo diversidad de edades,Únicamente diversidad lingüística,B
¿Qué artículos del decreto identifican los contenidos transversales mínimos?,"Los números 1, 2 y 3 del artículo 15","Los números 7, 8 y 9 del artículo 15",Los artículos 22 a 24,Los artículos 29 a 31,B
¿Qué coordinación se requiere en el desarrollo curricular?,Entre ciclos de infantil y entre infantil y primaria,Solo entre docentes de la misma aula,Solo con las universidades,No se establece coordinación,A
¿Qué informe emite la tutora o el tutor al finalizar infantil?,Un informe sobre desarrollo y necesidades de cada alumno o alumna,Una certificación de notas numéricas,Un informe médico obligatorio,Un informe disciplinario,A
¿Cuántas personas tutoras se asignan a cada grupo?,Una maestra tutora o un maestro tutor,Dos tutores obligatoriamente,Un tutor por cada área,Ninguna persona tutora,A
¿Qué coordina la tutoría?,La intervención educativa del conjunto del profesorado del grupo,Solo las actividades de la biblioteca,La admisión en primaria,Únicamente la evaluación final,A
¿Con qué periodicidad mínima se informa a las familias sobre el proceso educativo?,Mensual,Trimestral,Semestral,Anual,B
¿Qué debe incluir la información periódica a las familias?,Valoraciones de cada área e información sobre integración socioeducativa,Solo faltas de asistencia,Solo calificaciones numéricas,Únicamente información de actividades extraescolares,A
¿Qué constituye la pauta común de la acción educativa?,La atención a la diversidad,La enseñanza uniforme sin adaptación,La selección por rendimiento,La separación sistemática por capacidades,A
¿Qué aspectos del alumnado debe tener en cuenta la intervención educativa?,"Características personales, necesidades, intereses y estilo cognitivo",Solo edad y calificaciones,Únicamente el entorno familiar,Solo nivel lingüístico,A
¿Quién establecerá procedimientos para la detección temprana de dificultades?,La consellería competente en educación,Cada familia de manera aislada,La biblioteca escolar,El consejo escolar estatal en exclusiva,A
¿En qué deben basarse los profesionales al adaptar su práctica educativa?,En el diseño universal para el aprendizaje y las necesidades del alumnado,En una programación invariable,En criterios ajenos al currículo,En la evaluación final exclusivamente,A
¿Qué referentes se utilizan para valorar competencias y objetivos de las áreas?,Los criterios de evaluación del anexo II,La asistencia únicamente,Las calificaciones de primaria,La opinión exclusiva de las familias,A
¿Cómo será la evaluación en educación infantil?,"Global, continua y formativa",Solo final y numérica,Exclusivamente diagnóstica,Discontinua y selectiva,A
¿Cómo se valorará el proceso de aprendizaje?,"De manera cualitativa, teniendo en cuenta los progresos",Solo con puntuaciones numéricas,Mediante una prueba escrita común,Solo según la edad,A
¿Cuál es la principal técnica de evaluación?,La observación directa y sistemática,El examen escrito,La entrevista familiar exclusivamente,La autoevaluación numérica,A
¿Qué técnicas accesorias pueden acompañar a la observación?,Análisis de producciones y entrevistas con las familias o tutores legales,Solo pruebas estandarizadas,Únicamente dictados,Solo asistencia y puntualidad,A
¿Quién debe evaluar su propia práctica educativa para mejorar la enseñanza?,Todas las personas profesionales implicadas,Solo la dirección,Solo las familias,Únicamente la inspección,A
¿Cómo se lleva a cabo la evaluación final del alumnado?,De forma colegiada en una única sesión al finalizar el curso,Individualmente por cada familia,En cada trimestre mediante una sesión final única,Solo por la dirección,A
¿Cómo deben cooperar los centros con las familias?,"Estrechamente, respetando su responsabilidad fundamental",Solo cuando exista una incidencia,Únicamente por escrito al final de etapa,No se prevé cooperación,A
¿Qué deben hacer las familias respecto al proceso educativo?,"Participar y apoyar su evolución, conocer decisiones de evaluación y colaborar en medidas de apoyo",Delegar toda responsabilidad en el centro,Decidir los criterios oficiales de evaluación,Firmar todas las programaciones didácticas,A
¿Cuáles son los documentos oficiales de evaluación?,"Actas, expediente académico, historial académico, informe final de etapa y, en su caso, informe personal por traslado",Solo boletines trimestrales,Libro de biblioteca y plan digital,Programación didáctica y proyecto educativo,A
¿Qué documentos son básicos para garantizar la movilidad del alumnado?,"Historial académico y, en su caso, informe personal por traslado",Solo las actas de evaluación,Solo el expediente académico,El plan de lectura y el plan digital,A
¿Quién custodia y archiva los documentos oficiales de evaluación del segundo ciclo?,"Los centros docentes donde se realizaron los estudios, bajo supervisión de la inspección educativa",Las familias,La biblioteca escolar,El centro de primaria receptor siempre,A
¿Para cada qué se extienden las actas de evaluación?,Para cada curso,Para cada día lectivo,Para cada unidad didáctica,Solo al finalizar la etapa,A
¿Qué información mínima incluyen las actas de evaluación?,Relación nominal del grupo y valoraciones globales de las áreas,Solo la identidad de la persona tutora,Únicamente las faltas,La programación de actividades del curso siguiente,A
¿Quién firma las actas de evaluación?,"La persona tutora del grupo, con visto bueno de la dirección",La secretaría sin visto bueno,Cada familia,La inspección exclusivamente,A
¿Cuándo se abre el expediente académico?,Al incorporarse el alumno o alumna al centro,Al finalizar la etapa,Solo al cambiar de centro,Al comenzar primaria,A
¿Qué recoge como mínimo el expediente académico?,Resultados de evaluación de las áreas y medidas de apoyo adoptadas,Solo datos de contacto,Únicamente cambios de centro,Solo el informe final de etapa,A
¿Quién firma el expediente académico?,"La secretaría del centro, con visto bueno de la dirección",La persona tutora sin visto bueno,La familia y el alumno,La inspección educativa,A
¿Qué valor tiene el historial académico?,Acreditativo de las enseñanzas realizadas,Meramente informativo y sin valor acreditativo,Equivalente a un informe médico,Es un documento de admisión exclusivamente,A
¿Qué debe recoger el historial académico?,"Áreas cursadas, medidas aplicadas, resultados, cambios de centro y fechas, entre otros datos",Solo los resultados del último trimestre,Solo la identidad del centro,Únicamente las medidas disciplinarias,A
¿A qué centro se remite copia del historial al finalizar infantil?,"Al centro de primaria donde continuará sus estudios, previa petición de este",A cualquier centro sin petición,A la consellería exclusivamente,A la biblioteca municipal,A
¿Qué recoge el informe final de etapa?,Información sobre la evolución del alumno o alumna al finalizar la etapa,Solo los datos de matrícula,Únicamente las faltas de asistencia,Solo la lista de áreas cursadas,A
¿Quién firma el informe final de etapa?,"La persona tutora, con visto bueno de la dirección",La secretaría sin visto bueno,El equipo de familias,La inspección exclusivamente,A
¿Qué ocurre cuando un alumno cambia de centro antes de finalizar la etapa?,"El centro de origen remite, previa petición, copia del historial y el informe personal por traslado",La matrícula es definitiva antes de recibir documentos,No se transmite documentación,El centro receptor no abre expediente,A
¿Cuándo adquiere carácter definitivo la matrícula tras un traslado?,Una vez recibida la copia del historial académico,En el momento de solicitar plaza,Tras la primera evaluación trimestral,"Cuando lo autorice la familia por escrito, sin más requisitos",A
¿Qué contiene el informe personal por traslado?,"Resultados de evaluación, medidas aplicadas y observaciones sobre el progreso general",Solo datos identificativos,Únicamente las calificaciones del último curso,Solo el calendario escolar,A
¿Pueden sustituirse documentos oficiales por equivalentes electrónicos?,"Sí, si se garantizan autenticidad, integridad, conservación y requisitos legales","No, nunca","Sí, sin ninguna garantía","Solo si lo pide la familia, sin condiciones",A
¿Qué debe incluir el plan de lectura del centro?,Actuaciones para aproximación a lectura y escritura y desarrollo de habilidades de información,Solo préstamos de libros,Solo actividades digitales,Únicamente lecturas obligatorias en casa,A
¿Qué finalidad tiene la biblioteca escolar según el decreto?,"Ser centro de recursos para lectura, información y aprendizaje y punto de encuentro de la comunidad educativa",Servir solo para guardar libros,Sustituir el aula ordinaria,Gestionar la evaluación académica,A
¿Qué plan debe incluir el centro para la educación digital?,Un plan digital de centro,Un plan de exámenes digitales exclusivamente,Un plan de admisión telemática,Un plan de mantenimiento informático sin dimensión educativa,A
¿Qué pretende mejorar el plan digital de centro?,"La competencia digital, el uso de tecnologías en enseñanza-aprendizaje y la transformación digital del centro",Solo la velocidad de conexión,Únicamente la gestión administrativa,Solo las competencias de la dirección,A
¿Qué plan contempla el artículo 31?,Un plan de actividades físicas y hábitos saludables,Un plan de rendimiento académico competitivo,Un plan de excursiones anuales,Un plan de alimentación exclusivamente,A
¿Cuál es la finalidad del plan de actividades físicas y hábitos saludables?,"Promover práctica diaria de deporte y ejercicio durante la jornada y una vida activa, saludable y autónoma",Sustituir todas las actividades de aula,Organizar competiciones obligatorias,Reducir los tiempos de recreo,A
¿En qué ciclo se incluyen las enseñanzas de religión según la disposición adicional primera?,En el segundo ciclo,Solo en el primer ciclo,En ambos ciclos obligatoriamente,En ninguno,A
¿Cuándo pueden las familias manifestar si desean enseñanza de religión?,Al inicio del curso,Al finalizar la etapa,Solo al cambiar de centro,Únicamente en el último trimestre,A
¿Qué debe garantizarse respecto a recibir o no religión?,Que no suponga discriminación alguna,Que todo el alumnado la curse obligatoriamente,Que solo pueda elegirse una vez en la vida,Que determine la admisión al centro,A
¿Quién determina el currículo de religión católica?,La jerarquía eclesiástica,El claustro de cada centro sin marco alguno,Las familias por votación,La biblioteca escolar,A
¿Qué puede establecer la consellería sobre lenguas extranjeras?,Metodologías de aprendizaje integrado de contenidos y lenguas extranjeras,La eliminación de las lenguas cooficiales,La obligación de alcanzar nivel avanzado,La modificación de los criterios de admisión,A
¿Qué debe procurarse con el aprendizaje integrado de contenidos y lengua extranjera?,Un desarrollo equilibrado de la competencia en las distintas lenguas,Que una lengua desplace a todas las demás,Que se alteren los criterios de admisión,Que se eliminen los contenidos de las áreas,A
¿Cuántos días lectivos mínimos comprende el calendario del segundo ciclo?,165,170,175,180,C
¿Qué decreto deroga expresamente el Decreto 150/2022?,Decreto 95/2022,"Decreto 330/2009, de 4 de junio",Decreto 150/2009,Ley orgánica 2/2006,B
¿En qué curso escolar se implantó el contenido del decreto?,2020-2021,2021-2022,2022-2023,2023-2024,C
¿Cuándo entra en vigor el decreto?,El mismo día de su aprobación,El día siguiente al de su publicación en el Diario Oficial de Galicia,Un mes después de publicarse,Al comenzar el curso 2023-2024,B
¿En qué fecha se publicó el decreto en el DOG?,9 de septiembre de 2022,8 de septiembre de 2022,1 de febrero de 2022,4 de junio de 2009,A
¿Cuántos artículos tiene el decreto?,28,30,31,33,C
¿Cuántos anexos incluye el decreto?,Uno,Dos,Tres,Cuatro,B
¿A qué se dedica el anexo I?,A las competencias clave de educación infantil,A los documentos de evaluación,Al calendario escolar,A las normas de admisión,A
¿A qué se dedica el anexo II?,Al currículo de cada área de la etapa,A las competencias clave únicamente,A la enseñanza de religión,A los documentos de traslado,A
¿Qué porcentaje del horario escolar corresponde a enseñanzas mínimas en comunidades con lengua cooficial según la parte expositiva?,40 %,50 %,60 %,75 %,B
¿Qué norma estatal establece la ordenación y las enseñanzas mínimas de educación infantil citada en el decreto?,"Real decreto 95/2022, de 1 de febrero",Real decreto 330/2009,Ley 39/2015,Real decreto 4/2010,A
¿Qué norma orgánica modificó la Ley orgánica 2/2006 en diciembre de 2020?,Ley orgánica 3/2020,Ley orgánica 8/1985,Ley orgánica 1/1981,Ley orgánica 3/2018,A
¿Qué principio rector se destaca en la parte expositiva para el sistema educativo?,Los derechos de la infancia,La selección por rendimiento,La uniformidad metodológica,La competitividad económica,A
¿Qué función cumple el currículo para el profesorado?,Orientar sobre lo que se pretende conseguir y ofrecer pautas para lograrlo,Sustituir la planificación docente,Establecer las calificaciones de primaria,Regular solo el calendario,A
¿Qué caracteriza el enfoque curricular del decreto?,Potenciación del aprendizaje por competencias,Enseñanza centrada exclusivamente en memorización,Separación rígida de áreas,Evaluación solo mediante exámenes,A
¿Qué deben promover los centros respecto al trabajo docente?,Trabajo en equipo y actividad investigadora a partir de la práctica docente,Competencia individual sin coordinación,Supresión de la reflexión docente,Un método único para todos los centros,A
"¿Qué puede hacer el centro dentro de su autonomía, conforme a la normativa?",Adoptar experimentaciones e innovaciones pedagógicas y programas educativos,Imponer aportaciones económicas a las familias,Discriminar a parte del alumnado,Modificar libremente las normas estatales de admisión,A
¿Qué límite se establece a las iniciativas de autonomía de los centros?,No pueden suponer discriminación ni imponer aportaciones a las familias o exigencias a las administraciones,Deben aplicarse solo a centros privados,Deben eliminar el juego,No pueden incluir innovación metodológica,A
¿Qué aspecto debe valorarse para mejorar el proceso de enseñanza-aprendizaje?,La pertinencia de las estrategias metodológicas y los recursos utilizados,Solo el número de tareas enviadas a casa,Únicamente el tiempo de recreo,Solo la asistencia del profesorado,A
¿Qué tipo de instrumentos de evaluación se promueve?,"Variados, diversos y adaptados a las situaciones de aprendizaje",Uno único para todo el alumnado,Solo pruebas escritas,Solo entrevistas,A
¿Qué se busca identificar mediante la evaluación?,"Condiciones iniciales, ritmo y características de la evolución de cada niño o niña",Solo la posición del alumnado en una clasificación,Únicamente el dominio de lectura,La capacidad de memorizar normas,A
¿Qué finalidad tiene la coordinación entre ciclos y etapas?,Garantizar continuidad formativa y una transición y evolución positivas,Uniformar todas las actividades sin adaptación,Eliminar la tutoría,Reducir la participación familiar,A
¿Qué debe facilitar la biblioteca escolar además de los recursos de lectura?,"Comunicación, creatividad, aprendizajes, trabajo colaborativo e intercambios culturales",Solo el silencio y el préstamo,La custodia de expedientes académicos,La gestión del calendario escolar,A
¿Cómo se concretan anualmente los planes de lectura y biblioteca?,En la programación general anual mediante actuaciones correspondientes,En el historial académico de cada alumno,En las actas de evaluación,En el informe por traslado,A
¿Cómo se concreta anualmente el plan digital de centro?,En la programación general anual mediante actuaciones,En el expediente académico,En el calendario escolar estatal,En las actas de evaluación final,A
¿Qué competencia transversal se fomenta mediante el plan digital?,La competencia digital de la comunidad educativa,Solo la competencia matemática,Únicamente la competencia emprendedora,Ninguna competencia clave,A
¿Qué debe promover la consellería respecto a las TIC en el aula?,Su uso como medio didáctico apropiado y valioso,Su prohibición total,Su uso exclusivo para evaluar,Su empleo solo en el primer ciclo,A
¿Qué tipo de plataformas podrá ofrecer la consellería?,Plataformas digitales y tecnológicas accesibles a toda la comunidad educativa,Solo plataformas de pago para familias,Únicamente redes sociales,Plataformas reservadas al equipo directivo,A
¿Qué derecho tienen las familias al inicio del curso respecto a la religión?,Manifestar su voluntad de que el alumnado reciba o no esa enseñanza,Elegir el currículo oficial de todas las áreas,Modificar los criterios de evaluación,Determinar el horario mínimo legal,A
¿Qué órgano o autoridad consultiva se menciona en la aprobación del decreto?,Consello Escolar de Galicia y Consello Consultivo,Consejo de Universidades exclusivamente,Consejo General del Poder Judicial,Consejo Escolar Estatal únicamente,A
¿Quién firmó el decreto como presidente de la Xunta?,Alfonso Rueda Valenzuela,Román Rodríguez González,Alberto Núñez Feijóo,Manuel Fraga Iribarne,A
"¿Quién figura como conselleiro de Cultura, Educación, Formación Profesional y Universidades?",Alfonso Rueda Valenzuela,Román Rodríguez González,José Ramón Gómez Besteiro,Ninguna persona,B
¿Qué deben garantizar los documentos oficiales de evaluación cuando se emiten?,"Autenticidad, integridad, seguridad, conservación y confidencialidad conforme a la normativa",Publicación abierta de todos los datos,El acceso universal sin restricciones,La eliminación de datos personales,A
¿Qué información se incluye en el informe personal por traslado además de los resultados de evaluación?,Medidas curriculares y organizativas aplicadas y observaciones sobre el progreso,Solo datos de contacto,Únicamente la fecha de nacimiento,Solo el nombre del centro receptor,A
¿Qué representa la evaluación cualitativa en las actas?,Recoge los progresos efectuados por el alumnado,Obliga a usar porcentajes numéricos,Clasifica al alumnado por orden,Sustituye los criterios de evaluación,A
¿Cuál de las siguientes NO es un área de educación infantil del decreto?,Crecimiento en Armonía,Descubrimiento y Exploración del Entorno,Comunicación y Representación de la Realidad,Educación Física y Deportes como área independiente,D
¿Cuál de las siguientes NO es una competencia clave enumerada?,Competencia ciudadana,Competencia emprendedora,Competencia emocional como competencia clave independiente,Competencia plurilingüe,C
¿Qué relación existe entre competencias clave y áreas?,Las competencias se adquieren y desarrollan mediante aprendizajes de distintas áreas,Cada competencia se desarrolla en una sola área,Las áreas no contribuyen a las competencias,Solo el área digital desarrolla competencias clave,A
¿Qué debe favorecerse en la imagen que los niños y niñas construyan de sí mismos?,"Que sea positiva, equilibrada, igualitaria y libre de estereotipos discriminatorios",Que dependa de comparaciones constantes,Que sea idéntica para todo el alumnado,Que se base en roles sexistas,A
¿Qué debe incluir el lenguaje empleado en la etapa?,Un lenguaje libre de prejuicios y estereotipos sexistas,Expresiones que refuercen roles de género,Solo lenguaje escrito formal,Únicamente vocabulario técnico,A
¿Qué deben hacer los centros para atender las necesidades específicas de apoyo educativo?,Adoptar medidas adecuadas y respuestas ajustadas a las características personales,Esperar a la educación primaria,Aplicar idéntica respuesta en todos los casos,Derivar automáticamente al alumnado fuera del aula,A
¿Qué papel tienen las entrevistas con las familias en la evaluación?,Pueden utilizarse como técnica accesoria junto con la observación directa y sistemática,Son la técnica principal y exclusiva,Están prohibidas,Sustituyen todos los criterios de evaluación,A
¿Qué debe incluir la programación didáctica sobre la práctica docente?,"Procedimiento para evaluar la enseñanza y la práctica docente, indicadores de logro y propuestas de mejora",Solo el horario del alumnado,Únicamente la lista de materiales,Solo la relación de alumnado,A
¿Qué debe hacerse si hay desviaciones en el cumplimiento de una programación didáctica?,Indicar el grado de cumplimiento y justificar razonadamente las desviaciones,Ignorarlas siempre,Cambiar automáticamente el currículo oficial,Informar solo a las familias,A
¿Qué tipo de experiencias deben promover las propuestas globalizadas de aprendizaje?,Experiencias estimulantes con interés y significado para niñas y niños,Actividades sin relación entre sí,Tareas exclusivamente repetitivas,Actividades ajenas a las edades del alumnado,A
¿Qué se pretende asegurar con la atención temprana de necesidades específicas?,Detección precoz y respuesta educativa adecuada,La clasificación definitiva del alumnado,La reducción de apoyos,La evaluación exclusivamente final,A
¿Qué se entiende por horario al servicio de la metodología?,Que la flexibilidad de los períodos lectivos permita adecuarlos a las tareas,Que las tareas deban adaptarse siempre a sesiones rígidas,Que el horario sea idéntico todos los días,Que no existan rutinas,A
¿Qué tipo de actividades deben alternarse en la jornada?,"Rutinas y actividades específicas, ajustadas a características y necesidades",Solo actividades dirigidas por el adulto,Solo juego libre,Solo actividades de mesa,A
¿Qué debe tener en cuenta la intervención educativa para favorecer la inclusión plena?,"La diversidad personal, las necesidades, los intereses y el estilo cognitivo",Únicamente los resultados finales,Solo la edad cronológica,La misma metodología sin ajustes,A
¿Qué debe respetarse en la enseñanza de religión?,"Los derechos del alumnado y de sus familias, sin discriminación por recibirla o no",La obligatoriedad para todo el alumnado,La exclusión de quienes no la cursen,La modificación de los criterios de admisión,A
¿Qué norma se deroga además de las disposiciones de igual o inferior rango que se opongan al decreto?,"Decreto 330/2009, de 4 de junio",Real decreto 95/2022,Ley orgánica 2/2006,Ley orgánica 3/2020,A
¿Qué contenido mínimo debe aparecer en el proyecto educativo y funcional sobre actividad física?,Un plan de actividades físicas y hábitos saludables,Un plan de exámenes semanales,Un plan de selección deportiva,Un plan de actividades exclusivamente extraescolares,A
¿Qué objetivo de convivencia aparece expresamente en la etapa?,Ejercitar empatía y resolución pacífica de conflictos,Evitar el contacto entre iguales,Priorizar el castigo como método educativo,Promover la competitividad por encima de la cooperación,A
¿Qué debe hacer la administración educativa para apoyar la coordinación de etapas?,Asegurar la coordinación entre equipos docentes y/o pedagógicos,Eliminar los informes finales,Sustituir las tutorías por exámenes,Delegar toda coordinación en las familias,A
¿Qué órgano coordina la evaluación final del alumnado?,La tutora o el tutor del grupo,La secretaría del centro,La biblioteca escolar,La asociación de familias,A
¿Qué criterio general se aplica a la evaluación de los dos ciclos?,Tomar como referencia los criterios establecidos para cada ciclo y área,Utilizar los mismos exámenes en todas las edades,Evaluar solo al finalizar el segundo ciclo,No evaluar los progresos individuales,A
¿Qué documentos deben mencionar la norma que establece el currículo correspondiente?,Los documentos oficiales de evaluación,Solo las programaciones didácticas,Solo el plan digital,Únicamente los informes familiares,A
¿Qué sucede con los documentos oficiales si el centro desaparece o se extingue?,Deben existir procedimientos para su conservación y traslado,Se destruyen automáticamente,Se entregan siempre a las familias sin registro,Se publican en la web del centro,A
¿Qué debe garantizarse si los documentos de evaluación se sustituyen por medios electrónicos?,"Autenticidad, integridad, conservación y cumplimiento de las garantías de protección de datos",Acceso público sin contraseña,Que no puedan imprimirse,"Que solo la dirección pueda consultarlos, incluso cuando la ley autorice otros accesos",A
¿Qué objetivo del decreto está relacionado con la cultura gallega?,"Valorar las singularidades culturales, lingüísticas, físicas y sociales de Galicia",Limitar el conocimiento cultural al ámbito internacional,Sustituir la cultura gallega por contenidos exclusivamente digitales,Evitar referencias a personas relevantes de Galicia,A
¿Qué contenidos organizados en bloques aparecen en el anexo II?,Criterios de evaluación y contenidos para cada ciclo de cada área,Solo contenidos del segundo ciclo,Únicamente contenidos transversales,Solo objetivos generales,A
¿Qué debe ocurrir con la metodología cuando se organizan los bloques curriculares?,Puede adaptarse a las características de los aprendizajes y del grupo,Debe seguir una secuencia inalterable,Solo puede decidirla la administración estatal,No puede tener en cuenta al grupo,A
¿Cuál es la orientación del decreto sobre los retos del siglo XXI?,"Preparar al alumnado para hábitos saludables, protección ambiental, convivencia pacífica y consumo responsable, entre otros",Centrarse solo en resultados académicos,Evitar el uso responsable de tecnología,Priorizar la competencia individual,A
¿Qué tipo de ciudadanía pretende contribuir a formar el currículo según la parte expositiva?,Activa y democrática,Pasiva y dependiente,Exclusivamente digital,Centrada en la competición,A
¿Qué debe evitar el currículo en relación con el derecho a la educación?,Convertirse en una barrera que genere abandono o impida el acceso y ejercicio del derecho,La adaptación al contexto gallego,La atención a la diversidad,El aprendizaje por competencias,A
¿Qué finalidad tienen las medidas de flexibilización que pueden adoptar los centros?,Personalizar y mejorar la capacidad de aprendizaje y el progreso de todo el alumnado,Reducir la inclusión,Eliminar las áreas curriculares,Sustituir la evaluación continua,A
¿Qué se busca con la evaluación de la propia práctica docente?,Mejorar el proceso de enseñanza y aprendizaje,Establecer una clasificación fija del profesorado,Sustituir la evaluación del alumnado,Eliminar las programaciones,A
¿Qué función tienen los planes educativos del título III?,"Abordar bibliotecas y lectura, educación digital y promoción de estilos de vida saludables",Regular exclusivamente la admisión,Sustituir el currículo de las áreas,Organizar solo el transporte escolar,A
